{"Episode_Reward/dof_pos_limits":-0.049853336066007614,"Episode_Termination/fell_over":1,"_timestamp":1.7709545365809522e+09,"Episode_Reward/body_ang_vel":0,"_wandb":{"runtime":128},"Curriculum/command_vel/ang_vel_z_min":-0.5,"Train/mean_reward":-4.602671060562134,"Loss/entropy":33.481685638427734,"Episode_Reward/upright":0.008470493368804455,"Curriculum/command_vel/lin_vel_y_max":1,"Curriculum/command_vel/lin_vel_x_max":1,"Perf/collection time":0.2296733856201172,"Metrics/slip_velocity_mean":0.7373854517936707,"Episode_Reward/track_linear_velocity":0.0009944634512066841,"Perf/learning_time":0.06323647499084473,"Curriculum/terrain_levels":0,"Train/mean_episode_length":32.51,"Episode_Reward/pose":0.003306766040623188,"Metrics/landing_force_mean":0,"Episode_Reward/foot_swing_height":-0.0031255283392965794,"Episode_Reward/soft_landing":-9.56284384301398e-06,"Metrics/twist/error_vel_xy":0.11691763252019882,"_step":430,"Loss/surrogate":-0.11581137273460626,"Loss/learning_rate":1e-05,"Metrics/peak_height_mean":0,"Curriculum/command_vel/lin_vel_x_min":-1,"Episode_Reward/foot_clearance":-0.023495540022850037,"Perf/total_fps":81,"Episode_Termination/time_out":0,"Episode_Reward/angular_momentum":0,"_runtime":128.390782333,"Curriculum/command_vel/ang_vel_z_max":0.5,"Loss/value_function":1.9242229104042052,"Episode_Reward/action_rate_l2":-0.17458711564540863,"Curriculum/command_vel/lin_vel_y_min":-1,"Episode_Reward/track_angular_velocity":0.0006778605165891349,"Metrics/twist/error_vel_yaw":0.2371460199356079,"Episode_Reward/foot_slip":-0.010693790391087532,"Episode_Reward/air_time":0,"Policy/mean_noise_std":1.0375505685806274}